https://www.meetup.com/rladies-tunis/events/272898020/"iso_3166_2","recovered_new",1
2020-05-21,"Manouba","state","TN-14","iso_3166_2","recovered_new",1
2020-05-21,"Mednine","state","TN-82","iso_3166_2","recovered_new",1
2020-05-21,"Sfax","state","TN-61","iso_3166_2","recovered_new",1
2020-05-21,"Tataouine","state","TN-83","iso_3166_2","recovered_new",1
2020-05-22,"Ben Arous","state","TN-13","iso_3166_2","recovered_new",0
2020-05-22,"Gafsa","state","TN-71","iso_3166_2","recovered_new",1
2020-05-22,"Kebili","state","TN-73","iso_3166_2","recovered_new",3
2020-05-22,"Sfax","state","TN-61","iso_3166_2","recovered_new",1
2020-05-22,"Sousse","state","TN-51","iso_3166_2","recovered_new",0
2020-05-22,"Tunis","state","TN-11","iso_3166_2","recovered_new",15
2020-05-23,"Gabes","state","TN-81","iso_3166_2","recovered_new",3
2020-05-23,"Gafsa","state","TN-71","iso_3166_2","recovered_new",1
2020-05-23,"Kairouan","state","TN-41","iso_3166_2","recovered_new",1
2020-05-23,"Kebili","state","TN-73","iso_3166_2","recovered_new",3
2020-05-23,"Manouba","state","TN-14","iso_3166_2","recovered_new",1
2020-05-23,"Mednine","state","TN-82","iso_3166_2","recovered_new",1
2020-05-23,"Sfax","state","TN-61","iso_3166_2","recovered_new",0
2020-05-23,"Sousse","state","TN-51","iso_3166_2","recovered_new",1
2020-05-23,"Tunis","state","TN-11","iso_3166_2","recovered_new",0
2020-05-24,"Gafsa","state","TN-71","iso_3166_2","recovered_new",1
2020-05-24,"Tunis","state","TN-11","iso_3166_2","recovered_new",2
2020-05-25,"Ariana","state","TN-12","iso_3166_2","recovered_new",1
2020-05-25,"Kebili","state","TN-73","iso_3166_2","recovered_new",1
2020-05-26,"Beja","state","TN-31","iso_3166_2","recovered_new",1
2020-05-26,"Ben Arous","state","TN-13","iso_3166_2","recovered_new",1
2020-05-26,"Bizerte","state","TN-23","iso_3166_2","recovered_new",3
2020-05-26,"Gafsa","state","TN-71","iso_3166_2","recovered_new",1
2020-05-26,"Kairouan","state","TN-41","iso_3166_2","recovered_new",1
2020-05-26,"Sousse","state","TN-51","iso_3166_2","recovered_new",2
2020-05-26,"Tataouine","state","TN-83","iso_3166_2","recovered_new",1
2020-05-27,"Ariana","state","TN-12","iso_3166_2","recovered_new",0
2020-05-27,"Beja","state","TN-31","iso_3166_2","recovered_new",0
2020-05-27,"Ben Arous","state","TN-13","iso_3166_2","recovered_new",0
2020-05-27,"Bizerte","state","TN-23","iso_3166_2","recovered_new",0
2020-05-27,"Gabes","state","TN-81","iso_3166_2","recovered_new",0
2020-05-27,"Gafsa","state","TN-71","iso_3166_2","recovered_new",2
2020-05-27,"Kairouan","state","TN-41","iso_3166_2","recovered_new",0
2020-05-27,"Kebili","state","TN-73","iso_3166_2","recovered_new",2
2020-05-27,"Mahdia","state","TN-53","iso_3166_2","recovered_new",1
2020-05-27,"Monastir","state","TN-52","iso_3166_2","recovered_new",1
2020-05-27,"Nabeul","state","TN-21","iso_3166_2","recovered_new",0
2020-05-27,"Sfax","state","TN-61","iso_3166_2","recovered_new",2
2020-05-27,"Sidi Bouzid","state","TN-43","iso_3166_2","recovered_new",1
2020-05-27,"Sousse","state","TN-51","iso_3166_2","recovered_new",0
2020-05-27,"Tunis","state","TN-11","iso_3166_2","recovered_new",0
2020-05-28,"Gafsa","state","TN-71","iso_3166_2","recovered_new",0
2020-05-28,"Kairouan","state","TN-41","iso_3166_2","recovered_new",0
2020-05-28,"Kebili","state","TN-73","iso_3166_2","recovered_new",3
2020-05-28,"Manouba","state","TN-14","iso_3166_2","recovered_new",0
2020-05-28,"Sousse","state","TN-51","iso_3166_2","recovered_new",1
2020-05-28,"Tunis","state","TN-11","iso_3166_2","recovered_new",4
2020-05-29,"Bizerte","state","TN-23","iso_3166_2","recovered_new",1
2020-05-29,"Gabes","state","TN-81","iso_3166_2","recovered_new",0
2020-05-29,"Kebili","state","TN-73","iso_3166_2","recovered_new",2
2020-05-29,"Mednine","state","TN-82","iso_3166_2","recovered_new",0
2020-05-29,"Sidi Bouzid","state","TN-43","iso_3166_2","recovered_new",1
2020-05-29,"Tunis","state","TN-11","iso_3166_2","recovered_new",0
2020-05-30,"Ben Arous","state","TN-13","iso_3166_2","recovered_new",1
2020-05-30,"Kebili","state","TN-73","iso_3166_2","recovered_new",2
2020-05-30,"Manouba","state","TN-14","iso_3166_2","recovered_new",1
2020-05-30,"Mednine","state","TN-82","iso_3166_2","recovered_new",4
2020-05-30,"Tunis","state","TN-11","iso_3166_2","recovered_new",2
2020-05-31,"Mednine","state","TN-82","iso_3166_2","recovered_new",1
2020-05-31,"Sfax","state","TN-61","iso_3166_2","recovered_new",1
2020-05-31,"Sousse","state","TN-51","iso_3166_2","recovered_new",1
2020-05-31,"Tunis","state","TN-11","iso_3166_2","recovered_new",1
2020-06-01,"Kebili","state","TN-73","iso_3166_2","recovered_new",1
2020-06-01,"Nabeul","state","TN-21","iso_3166_2","recovered_new",0
2020-06-01,"Sousse","state","TN-51","iso_3166_2","recovered_new",0
2020-06-02,"Gafsa","state","TN-71","iso_3166_2","recovered_new",0
2020-06-02,"Mahdia","state","TN-53","iso_3166_2","recovered_new",0
2020-06-03,"Manouba","state","TN-14","iso_3166_2","recovered_new",2
2020-06-03,"Mednine","state","TN-82","iso_3166_2","recovered_new",1
2020-06-04,"Tunis","state","TN-11","iso_3166_2","recovered_new",1
2020-06-05,"Gafsa","state","TN-71","iso_3166_2","recovered_new",2
2020-06-05,"Kebili","state","TN-73","iso_3166_2","recovered_new",2
2020-06-05,"Mednine","state","TN-82","iso_3166_2","recovered_new",2
2020-06-05,"Tataouine","state","TN-83","iso_3166_2","recovered_new",1
2020-06-05,"Tunis","state","TN-11","iso_3166_2","recovered_new",1
2020-06-06,"Ben Arous","state","TN-13","iso_3166_2","recovered_new",1
2020-06-06,"Gafsa","state","TN-71","iso_3166_2","recovered_new",2
2020-06-06,"Kasserine","state","TN-42","iso_3166_2","recovered_new",1
2020-06-06,"Sfax","state","TN-61","iso_3166_2","recovered_new",1
2020-06-09,"Kebili","state","TN-73","iso_3166_2","recovered_new",1
2020-06-10,"Ariana","state","TN-12","iso_3166_2","recovered_new",2
2020-06-10,"Ben Arous","state","TN-13","iso_3166_2","recovered_new",1
2020-06-10,"Bizerte","state","TN-23","iso_3166_2","recovered_new",1
2020-06-10,"Kairouan","state","TN-41","iso_3166_2","recovered_new",1
2020-06-10,"Tataouine","state","TN-83","iso_3166_2","recovered_new",1
2020-06-11,"Ariana","state","TN-12","iso_3166_2","recovered_new",1
2020-06-11,"Beja","state","TN-31","iso_3166_2","recovered_new",1
2020-06-11,"Ben Arous","state","TN-13","iso_3166_2","recovered_new",0
2020-06-11,"Bizerte","state","TN-23","iso_3166_2","recovered_new",0
2020-06-11,"Gabes","state","TN-81","iso_3166_2","recovered_new",2
2020-06-11,"Gafsa","state","TN-71","iso_3166_2","recovered_new",0
2020-06-11,"Kebili","state","TN-73","iso_3166_2","recovered_new",0
2020-06-11,"Nabeul","state","TN-21","iso_3166_2","recovered_new",1
2020-06-11,"Sfax","state","TN-61","iso_3166_2","recovered_new",0
2020-06-11,"Tunis","state","TN-11","iso_3166_2","recovered_new",1
2020-06-12,"Monastir","state","TN-52","iso_3166_2","recovered_new",0
2020-06-13,"Ariana","state","TN-12","iso_3166_2","recovered_new",0
2020-06-13,"Bizerte","state","TN-23","iso_3166_2","recovered_new",1
2020-06-13,"Kasserine","state","TN-42","iso_3166_2","recovered_new",0
2020-06-13,"Sousse","state","TN-51","iso_3166_2","recovered_new",1
2020-06-13,"Tunis","state","TN-11","iso_3166_2","recovered_new",1
2020-06-14,"Kairouan","state","TN-41","iso_3166_2","recovered_new",0
2020-06-14,"Kebili","state","TN-73","iso_3166_2","recovered_new",1
2020-06-14,"Mahdia","state","TN-53","iso_3166_2","recovered_new",0
2020-06-14,"Manouba","state","TN-14","iso_3166_2","recovered_new",0
2020-06-14,"Mednine","state","TN-82","iso_3166_2","recovered_new",0
2020-06-14,"Monastir","state","TN-52","iso_3166_2","recovered_new",0
2020-06-15,"Ben Arous","state","TN-13","iso_3166_2","recovered_new",0
2020-06-15,"Bizerte","state","TN-23","iso_3166_2","recovered_new",0
2020-06-15,"Jandouba","state",NA,"iso_3166_2","recovered_new",0
2020-06-15,"Kebili","state","TN-73","iso_3166_2","recovered_new",2
2020-06-15,"Manouba","state","TN-14","iso_3166_2","recovered_new",0
2020-06-15,"Nabeul","state","TN-21","iso_3166_2","recovered_new",0
2020-06-15,"Sfax","state","TN-61","iso_3166_2","recovered_new",0
2020-06-15,"Sidi Bouzid","state","TN-43","iso_3166_2","recovered_new",0
2020-06-15,"Siliana","state","TN-34","iso_3166_2","recovered_new",0
2020-06-15,"Sousse","state","TN-51","iso_3166_2","recovered_new",0
2020-06-15,"Tataouine","state","TN-83","iso_3166_2","recovered_new",0
2020-06-15,"Tunis","state","TN-11","iso_3166_2","recovered_new",1
2020-06-16,"Beja","state","TN-31","iso_3166_2","recovered_new",0
2020-06-16,"Bizerte","state","TN-23","iso_3166_2","recovered_new",0
2020-06-16,"Kebili","state","TN-73","iso_3166_2","recovered_new",1
2020-06-16,"Mahdia","state","TN-53","iso_3166_2","recovered_new",0
2020-06-16,"Monastir","state","TN-52","iso_3166_2","recovered_new",1
2020-06-17,"Ben Arous","state","TN-13","iso_3166_2","recovered_new",0
2020-06-17,"Kebili","state","TN-73","iso_3166_2","recovered_new",1
2020-06-17,"Mahdia","state","TN-53","iso_3166_2","recovered_new",1
2020-06-17,"Sousse","state","TN-51","iso_3166_2","recovered_new",0
2020-06-18,"Ariana","state","TN-12","iso_3166_2","recovered_new",1
2020-06-18,"Beja","state","TN-31","iso_3166_2","recovered_new",0
2020-06-18,"Gabes","state","TN-81","iso_3166_2","recovered_new",1
2020-06-18,"Kairouan","state","TN-41","iso_3166_2","recovered_new",0
2020-06-18,"Kebili","state","TN-73","iso_3166_2","recovered_new",1
2020-06-18,"Kef","state","TN-33","iso_3166_2","recovered_new",0
2020-06-18,"Mahdia","state","TN-53","iso_3166_2","recovered_new",0
2020-06-18,"Manouba","state","TN-14","iso_3166_2","recovered_new",0
2020-06-18,"Mednine","state","TN-82","iso_3166_2","recovered_new",1
2020-06-18,"Monastir","state","TN-52","iso_3166_2","recovered_new",1
2020-06-18,"Nabeul","state","TN-21","iso_3166_2","recovered_new",0
2020-06-18,"Sidi Bouzid","state","TN-43","iso_3166_2","recovered_new",1
2020-06-18,"Sousse","state","TN-51","iso_3166_2","recovered_new",1
2020-06-18,"Tunis","state","TN-11","iso_3166_2","recovered_new",1
2020-06-19,"Gabes","state","TN-81","iso_3166_2","recovered_new",1
2020-06-19,"Kasserine","state","TN-42","iso_3166_2","recovered_new",0
2020-06-19,"Kebili","state","TN-73","iso_3166_2","recovered_new",2
2020-06-19,"Kef","state","TN-33","iso_3166_2","recovered_new",0
2020-06-19,"Mahdia","state","TN-53","iso_3166_2","recovered_new",0
2020-06-19,"Mednine","state","TN-82","iso_3166_2","recovered_new",0
2020-06-19,"Nabeul","state","TN-21","iso_3166_2","recovered_new",0
2020-06-20,"Ariana","state","TN-12","iso_3166_2","recovered_new",1
2020-06-20,"Kebili","state","TN-73","iso_3166_2","recovered_new",1
2020-06-20,"Tunis","state","TN-11","iso_3166_2","recovered_new",1
2020-06-21,"Sfax","state","TN-61","iso_3166_2","recovered_new",0
2020-06-21,"Sousse","state","TN-51","iso_3166_2","recovered_new",0
2020-06-22,"Gabes","state","TN-81","iso_3166_2","recovered_new",1
2020-06-22,"Kairouan","state","TN-41","iso_3166_2","recovered_new",1
2020-06-22,"Mednine","state","TN-82","iso_3166_2","recovered_new",1
2020-06-23,"Kef","state","TN-33","iso_3166_2","recovered_new",0
2020-06-24,"Mahdia","state","TN-53","iso_3166_2","recovered_new",0
2020-06-24,"Tunis","state","TN-11","iso_3166_2","recovered_new",0
2020-06-25,"Kasserine","state","TN-42","iso_3166_2","recovered_new",0
2020-06-26,"Jandouba","state",NA,"iso_3166_2","recovered_new",0
2020-06-26,"Kasserine","state","TN-42","iso_3166_2","recovered_new",0
2020-06-26,"Kebili","state","TN-73","iso_3166_2","recovered_new",1
2020-06-26,"Monastir","state","TN-52","iso_3166_2","recovered_new",1
2020-06-27,"Beja","state","TN-31","iso_3166_2","recovered_new",0
2020-06-27,"Kebili","state","TN-73","iso_3166_2","recovered_new",1
2020-06-27,"Manouba","state","TN-14","iso_3166_2","recovered_new",1
2020-06-27,"Mednine","state","TN-82","iso_3166_2","recovered_new",1
2020-06-27,"Monastir","state","TN-52","iso_3166_2","recovered_new",1
2020-06-28,"Jandouba","state",NA,"iso_3166_2","recovered_new",0
2020-06-28,"Kasserine","state","TN-42","iso_3166_2","recovered_new",0
2020-06-29,"Kasserine","state","TN-42","iso_3166_2","recovered_new",0
2020-06-29,"Nabeul","state","TN-21","iso_3166_2","recovered_new",2
2020-06-30,"Kairouan","state","TN-41","iso_3166_2","recovered_new",1
2020-06-30,"Kasserine","state","TN-42","iso_3166_2","recovered_new",1
2020-06-30,"Mednine","state","TN-82","iso_3166_2","recovered_new",0
2020-06-30,"Nabeul","state","TN-21","iso_3166_2","recovered_new",2
2020-06-30,"Sfax","state","TN-61","iso_3166_2","recovered_new",1
2020-06-30,"Sousse","state","TN-51","iso_3166_2","recovered_new",1
2020-06-30,"Tataouine","state","TN-83","iso_3166_2","recovered_new",1
2020-07-01,"Kairouan","state","TN-41","iso_3166_2","recovered_new",1
2020-07-01,"Kebili","state","TN-73","iso_3166_2","recovered_new",0
2020-07-01,"Sidi Bouzid","state","TN-43","iso_3166_2","recovered_new",0
2020-07-02,"Beja","state","TN-31","iso_3166_2","recovered_new",1
2020-07-02,"Bizerte","state","TN-23","iso_3166_2","recovered_new",1
2020-07-02,"Kairouan","state","TN-41","iso_3166_2","recovered_new",1
2020-07-02,"Mahdia","state","TN-53","iso_3166_2","recovered_new",0
2020-07-02,"Manouba","state","TN-14","iso_3166_2","recovered_new",1
2020-07-02,"Mednine","state","TN-82","iso_3166_2","recovered_new",1
2020-07-02,"Nabeul","state","TN-21","iso_3166_2","recovered_new",1
2020-07-02,"Sousse","state","TN-51","iso_3166_2","recovered_new",0
2020-07-03,"Ariana","state","TN-12","iso_3166_2","recovered_new",0
2020-07-03,"Ben Arous","state","TN-13","iso_3166_2","recovered_new",0
2020-07-03,"Mahdia","state","TN-53","iso_3166_2","recovered_new",1
2020-07-03,"Sfax","state","TN-61","iso_3166_2","recovered_new",0
2020-07-03,"Tataouine","state","TN-83","iso_3166_2","recovered_new",0
2020-07-04,"Ben Arous","state","TN-13","iso_3166_2","recovered_new",0
2020-07-04,"Monastir","state","TN-52","iso_3166_2","recovered_new",0
2020-07-04,"Sousse","state","TN-51","iso_3166_2","recovered_new",1
2020-07-04,"Tunis","state","TN-11","iso_3166_2","recovered_new",1
2020-07-05,"Gafsa","state","TN-71","iso_3166_2","recovered_new",0
2020-07-05,"Kasserine","state","TN-42","iso_3166_2","recovered_new",0
2020-07-05,"Monastir","state","TN-52","iso_3166_2","recovered_new",1
2020-07-05,"Sfax","state","TN-61","iso_3166_2","recovered_new",0
2020-07-06,"Kef","state","TN-33","iso_3166_2","recovered_new",0
2020-07-06,"Mednine","state","TN-82","iso_3166_2","recovered_new",0
2020-07-06,"Sidi Bouzid","state","TN-43","iso_3166_2","recovered_new",0
2020-07-06,"Tozeur","state","TN-72","iso_3166_2","recovered_new",0
2020-07-06,"Tunis","state","TN-11","iso_3166_2","recovered_new",0
2020-07-07,"Gafsa","state","TN-71","iso_3166_2","recovered_new",0
2020-07-07,"Kasserine","state","TN-42","iso_3166_2","recovered_new",0
2020-07-07,"Nabeul","state","TN-21","iso_3166_2","recovered_new",0
2020-07-07,"Sidi Bouzid","state","TN-43","iso_3166_2","recovered_new",1
2020-07-07,"Sousse","state","TN-51","iso_3166_2","recovered_new",0
2020-07-07,"Tunis","state","TN-11","iso_3166_2","recovered_new",0
2020-07-08,"Beja","state","TN-31","iso_3166_2","recovered_new",1
2020-07-08,"Bizerte","state","TN-23","iso_3166_2","recovered_new",0
2020-07-08,"Gabes","state","TN-81","iso_3166_2","recovered_new",0
2020-07-08,"Gafsa","state","TN-71","iso_3166_2","recovered_new",1
2020-07-08,"Kasserine","state","TN-42","iso_3166_2","recovered_new",0
2020-07-08,"Mahdia","state","TN-53","iso_3166_2","recovered_new",1
2020-07-08,"Sfax","state","TN-61","iso_3166_2","recovered_new",0
2020-07-08,"Sidi Bouzid","state","TN-43","iso_3166_2","recovered_new",1
2020-07-08,"Sousse","state","TN-51","iso_3166_2","recovered_new",1
2020-07-09,"Ben Arous","state","TN-13","iso_3166_2","recovered_new",1
2020-07-09,"Bizerte","state","TN-23","iso_3166_2","recovered_new",2
2020-07-09,"Gabes","state","TN-81","iso_3166_2","recovered_new",0
2020-07-09,"Gafsa","state","TN-71","iso_3166_2","recovered_new",1
2020-07-09,"Kairouan","state","TN-41","iso_3166_2","recovered_new",1
2020-07-09,"Kasserine","state","TN-42","iso_3166_2","recovered_new",2
2020-07-09,"Kebili","state","TN-73","iso_3166_2","recovered_new",0
2020-07-09,"Manouba","state","TN-14","iso_3166_2","recovered_new",1
2020-07-09,"Monastir","state","TN-52","iso_3166_2","recovered_new",1
2020-07-09,"Nabeul","state","TN-21","iso_3166_2","recovered_new",1
2020-07-09,"Sidi Bouzid","state","TN-43","iso_3166_2","recovered_new",1
2020-07-09,"Tozeur","state","TN-72","iso_3166_2","recovered_new",0
2020-07-09,"Tunis","state","TN-11","iso_3166_2","recovered_new",1
2020-07-10,"Ariana","state","TN-12","iso_3166_2","recovered_new",1
2020-07-10,"Gafsa","state","TN-71","iso_3166_2","recovered_new",1
2020-07-10,"Jandouba","state",NA,"iso_3166_2","recovered_new",0
2020-07-10,"Kasserine","state","TN-42","iso_3166_2","recovered_new",3
2020-07-10,"Kef","state","TN-33","iso_3166_2","recovered_new",1
2020-07-10,"Mahdia","state","TN-53","iso_3166_2","recovered_new",1
2020-07-10,"Nabeul","state","TN-21","iso_3166_2","recovered_new",1
2020-07-10,"Sidi Bouzid","state","TN-43","iso_3166_2","recovered_new",0
2020-07-10,"Sousse","state","TN-51","iso_3166_2","recovered_new",0
2020-07-10,"Tataouine","state","TN-83","iso_3166_2","recovered_new",0
2020-07-10,"Tunis","state","TN-11","iso_3166_2","recovered_new",1
2020-07-11,"Ariana","state","TN-12","iso_3166_2","recovered_new",0
2020-07-11,"Beja","state","TN-31","iso_3166_2","recovered_new",0
2020-07-11,"Kasserine","state","TN-42","iso_3166_2","recovered_new",0
2020-07-11,"Mahdia","state","TN-53","iso_3166_2","recovered_new",0
2020-07-11,"Manouba","state","TN-14","iso_3166_2","recovered_new",0
2020-07-11,"Nabeul","state","TN-21","iso_3166_2","recovered_new",0
2020-07-11,"Sidi Bouzid","state","TN-43","iso_3166_2","recovered_new",0
2020-07-11,"Sousse","state","TN-51","iso_3166_2","recovered_new",0
2020-07-11,"Tunis","state","TN-11","iso_3166_2","recovered_new",0
2020-07-12,"Ariana","state","TN-12","iso_3166_2","recovered_new",0
2020-07-12,"Beja","state","TN-31","iso_3166_2","recovered_new",0
2020-07-12,"Ben Arous","state","TN-13","iso_3166_2","recovered_new",0
2020-07-12,"Bizerte","state","TN-23","iso_3166_2","recovered_new",0
2020-07-12,"Gafsa","state","TN-71","iso_3166_2","recovered_new",1
2020-07-12,"Kasserine","state","TN-42","iso_3166_2","recovered_new",2
2020-07-12,"Kef","state","TN-33","iso_3166_2","recovered_new",1
2020-07-12,"Mednine","state","TN-82","iso_3166_2","recovered_new",0
2020-07-12,"Nabeul","state","TN-21","iso_3166_2","recovered_new",0
2020-07-12,"Sfax","state","TN-61","iso_3166_2","recovered_new",1
2020-07-12,"Tataouine","state","TN-83","iso_3166_2","recovered_new",1
2020-07-12,"Tunis","state","TN-11","iso_3166_2","recovered_new",0
2020-07-13,"Kairouan","state","TN-41","iso_3166_2","recovered_new",2
2020-07-13,"Kebili","state","TN-73","iso_3166_2","recovered_new",1
2020-07-13,"Mahdia","state","TN-53","iso_3166_2","recovered_new",1
2020-07-13,"Mednine","state","TN-82","iso_3166_2","recovered_new",1
2020-07-13,"Sfax","state","TN-61","iso_3166_2","recovered_new",0
2020-07-13,"Tunis","state","TN-11","iso_3166_2","recovered_new",0
2020-07-14,"Gafsa","state","TN-71","iso_3166_2","recovered_new",0
2020-07-14,"Jandouba","state",NA,"iso_3166_2","recovered_new",1
2020-07-14,"Kebili","state","TN-73","iso_3166_2","recovered_new",1
2020-07-14,"Mednine","state","TN-82","iso_3166_2","recovered_new",1
2020-07-14,"Nabeul","state","TN-21","iso_3166_2","recovered_new",1
2020-07-14,"Sfax","state","TN-61","iso_3166_2","recovered_new",0
2020-07-14,"Sousse","state","TN-51","iso_3166_2","recovered_new",0
2020-07-14,"Tunis","state","TN-11","iso_3166_2","recovered_new",0
2020-07-14,"Zaghouan","state","TN-22","iso_3166_2","recovered_new",0
2020-07-15,"Ariana","state","TN-12","iso_3166_2","recovered_new",0
2020-07-15,"Gabes","state","TN-81","iso_3166_2","recovered_new",0
2020-07-15,"Kebili","state","TN-73","iso_3166_2","recovered_new",0
2020-07-15,"Mahdia","state","TN-53","iso_3166_2","recovered_new",0
2020-07-15,"Manouba","state","TN-14","iso_3166_2","recovered_new",0
2020-07-15,"Sfax","state","TN-61","iso_3166_2","recovered_new",0
2020-07-15,"Sidi Bouzid","state","TN-43","iso_3166_2","recovered_new",1
2020-07-15,"Sousse","state","TN-51","iso_3166_2","recovered_new",1
2020-07-15,"Tunis","state","TN-11","iso_3166_2","recovered_new",0
2020-07-16,"Jandouba","state",NA,"iso_3166_2","recovered_new",0
2020-07-16,"Kairouan","state","TN-41","iso_3166_2","recovered_new",1
2020-07-16,"Mahdia","state","TN-53","iso_3166_2","recovered_new",0
2020-07-16,"Monastir","state","TN-52","iso_3166_2","recovered_new",0
2020-07-16,"Sousse","state","TN-51","iso_3166_2","recovered_new",0
2020-07-16,"Tunis","state","TN-11","iso_3166_2","recovered_new",1
2020-07-17,"Ariana","state","TN-12","iso_3166_2","recovered_new",0
2020-07-17,"Ben Arous","state","TN-13","iso_3166_2","recovered_new",0
2020-07-17,"Jandouba","state",NA,"iso_3166_2","recovered_new",0
2020-07-17,"Kef","state","TN-33","iso_3166_2","recovered_new",0
2020-07-17,"Mahdia","state","TN-53","iso_3166_2","recovered_new",0
2020-07-17,"Mednine","state","TN-82","iso_3166_2","recovered_new",0
2020-07-17,"Sfax","state","TN-61","iso_3166_2","recovered_new",0
2020-07-17,"Tunis","state","TN-11","iso_3166_2","recovered_new",0
2020-07-18,"Ariana","state","TN-12","iso_3166_2","recovered_new",1
2020-07-18,"Ben Arous","state","TN-13","iso_3166_2","recovered_new",0
2020-07-18,"Gafsa","state","TN-71","iso_3166_2","recovered_new",0
2020-07-18,"Kairouan","state","TN-41","iso_3166_2","recovered_new",1
2020-07-18,"Kef","state","TN-33","iso_3166_2","recovered_new",0
2020-07-18,"Manouba","state","TN-14","iso_3166_2","recovered_new",0
2020-07-18,"Mednine","state","TN-82","iso_3166_2","recovered_new",0
2020-07-18,"Monastir","state","TN-52","iso_3166_2","recovered_new",0
2020-07-18,"Nabeul","state","TN-21","iso_3166_2","recovered_new",0
2020-07-18,"Sfax","state","TN-61","iso_3166_2","recovered_new",0
2020-07-18,"Sidi Bouzid","state","TN-43","iso_3166_2","recovered_new",0
2020-07-18,"Sousse","state","TN-51","iso_3166_2","recovered_new",0
2020-07-18,"Tozeur","state","TN-72","iso_3166_2","recovered_new",0
2020-07-18,"Tunis","state","TN-11","iso_3166_2","recovered_new",0
2020-07-19,"Ben Arous","state","TN-13","iso_3166_2","recovered_new",0
2020-07-19,"Kasserine","state","TN-42","iso_3166_2","recovered_new",1
2020-07-19,"Mednine","state","TN-82","iso_3166_2","recovered_new",0
2020-07-19,"Nabeul","state","TN-21","iso_3166_2","recovered_new",0
2020-07-19,"Sidi Bouzid","state","TN-43","iso_3166_2","recovered_new",0
2020-07-19,"Siliana","state","TN-34","iso_3166_2","recovered_new",0
2020-07-19,"Sousse","state","TN-51","iso_3166_2","recovered_new",1
2020-07-19,"Tozeur","state","TN-72","iso_3166_2","recovered_new",0
2020-07-20,"Kef","state","TN-33","iso_3166_2","recovered_new",1
2020-07-20,"Mahdia","state","TN-53","iso_3166_2","recovered_new",1
2020-07-20,"Mednine","state","TN-82","iso_3166_2","recovered_new",0
2020-07-20,"Monastir","state","TN-52","iso_3166_2","recovered_new",0
2020-07-20,"Sfax","state","TN-61","iso_3166_2","recovered_new",1
2020-07-20,"Sidi Bouzid","state","TN-43","iso_3166_2","recovered_new",0
2020-07-20,"Sousse","state","TN-51","iso_3166_2","recovered_new",1
2020-07-21,"Ben Arous","state","TN-13","iso_3166_2","recovered_new",0
2020-07-21,"Kasserine","state","TN-42","iso_3166_2","recovered_new",1
2020-07-21,"Nabeul","state","TN-21","iso_3166_2","recovered_new",0
2020-07-21,"Sfax","state","TN-61","iso_3166_2","recovered_new",4
2020-07-21,"Tunis","state","TN-11","iso_3166_2","recovered_new",0
2020-07-22,"Ben Arous","state","TN-13","iso_3166_2","recovered_new",0
2020-07-22,"Bizerte","state","TN-23","iso_3166_2","recovered_new",1
2020-07-22,"Gafsa","state","TN-71","iso_3166_2","recovered_new",1
2020-07-22,"Kasserine","state","TN-42","iso_3166_2","recovered_new",5
2020-07-22,"Mahdia","state","TN-53","iso_3166_2","recovered_new",0
2020-07-22,"Mednine","state","TN-82","iso_3166_2","recovered_new",0
2020-07-22,"Monastir","state","TN-52","iso_3166_2","recovered_new",0
2020-07-22,"Nabeul","state","TN-21","iso_3166_2","recovered_new",0
2020-07-22,"Sfax","state","TN-61","iso_3166_2","recovered_new",0
2020-07-22,"Sousse","state","TN-51","iso_3166_2","recovered_new",2
2020-07-22,"Tozeur","state","TN-72","iso_3166_2","recovered_new",0
2020-07-22,"Tunis","state","TN-11","iso_3166_2","recovered_new",1
2020-07-22,"Zaghouan","state","TN-22","iso_3166_2","recovered_new",0
2020-07-23,"Ariana","state","TN-12","iso_3166_2","recovered_new",1
2020-07-23,"Ben Arous","state","TN-13","iso_3166_2","recovered_new",0
2020-07-23,"Gafsa","state","TN-71","iso_3166_2","recovered_new",0
2020-07-23,"Jandouba","state",NA,"iso_3166_2","recovered_new",1
2020-07-23,"Kasserine","state","TN-42","iso_3166_2","recovered_new",2
2020-07-23,"Mahdia","state","TN-53","iso_3166_2","recovered_new",0
2020-07-23,"Mednine","state","TN-82","iso_3166_2","recovered_new",0
2020-07-23,"Monastir","state","TN-52","iso_3166_2","recovered_new",1
2020-07-23,"Nabeul","state","TN-21","iso_3166_2","recovered_new",0
2020-07-23,"Sfax","state","TN-61","iso_3166_2","recovered_new",0
2020-07-23,"Sidi Bouzid","state","TN-43","iso_3166_2","recovered_new",0
2020-07-23,"Sousse","state","TN-51","iso_3166_2","recovered_new",1
2020-07-23,"Tataouine","state","TN-83","iso_3166_2","recovered_new",0
2020-07-23,"Tunis","state","TN-11","iso_3166_2","recovered_new",0
2020-07-23,"Zaghouan","state","TN-22","iso_3166_2","recovered_new",0
2020-07-24,"Ariana","state","TN-12","iso_3166_2","recovered_new",0
2020-07-24,"Beja","state","TN-31","iso_3166_2","recovered_new",0
2020-07-24,"Ben Arous","state","TN-13","iso_3166_2","recovered_new",1
2020-07-24,"Gafsa","state","TN-71","iso_3166_2","recovered_new",1
2020-07-24,"Jandouba","state",NA,"iso_3166_2","recovered_new",2
2020-07-24,"Kef","state","TN-33","iso_3166_2","recovered_new",0
2020-07-24,"Mahdia","state","TN-53","iso_3166_2","recovered_new",1
2020-07-24,"Manouba","state","TN-14","iso_3166_2","recovered_new",0
2020-07-24,"Monastir","state","TN-52","iso_3166_2","recovered_new",0
2020-07-24,"Nabeul","state","TN-21","iso_3166_2","recovered_new",3
2020-07-24,"Sfax","state","TN-61","iso_3166_2","recovered_new",0
2020-07-24,"Tataouine","state","TN-83","iso_3166_2","recovered_new",0
2020-07-24,"Tozeur","state","TN-72","iso_3166_2","recovered_new",1
2020-07-24,"Tunis","state","TN-11","iso_3166_2","recovered_new",0
2020-07-25,"Ariana","state","TN-12","iso_3166_2","recovered_new",1
2020-07-25,"Ben Arous","state","TN-13","iso_3166_2","recovered_new",1
2020-07-25,"Bizerte","state","TN-23","iso_3166_2","recovered_new",2
2020-07-25,"Gafsa","state","TN-71","iso_3166_2","recovered_new",1
2020-07-25,"Mahdia","state","TN-53","iso_3166_2","recovered_new",1
2020-07-25,"Mednine","state","TN-82","iso_3166_2","recovered_new",1
2020-07-25,"Monastir","state","TN-52","iso_3166_2","recovered_new",0
2020-07-25,"Sfax","state","TN-61","iso_3166_2","recovered_new",0
2020-07-25,"Sidi Bouzid","state","TN-43","iso_3166_2","recovered_new",0
2020-07-25,"Sousse","state","TN-51","iso_3166_2","recovered_new",1
2020-07-25,"Tataouine","state","TN-83","iso_3166_2","recovered_new",1
2020-07-26,"Ariana","state","TN-12","iso_3166_2","recovered_new",2
2020-07-26,"Beja","state","TN-31","iso_3166_2","recovered_new",2
2020-07-26,"Ben Arous","state","TN-13","iso_3166_2","recovered_new",1
2020-07-26,"Bizerte","state","TN-23","iso_3166_2","recovered_new",1
2020-07-26,"Gabes","state","TN-81","iso_3166_2","recovered_new",1
2020-07-26,"Jandouba","state",NA,"iso_3166_2","recovered_new",1
2020-07-26,"Kasserine","state","TN-42","iso_3166_2","recovered_new",1
2020-07-26,"Mednine","state","TN-82","iso_3166_2","recovered_new",0
2020-07-26,"Nabeul","state","TN-21","iso_3166_2","recovered_new",1
2020-07-26,"Sfax","state","TN-61","iso_3166_2","recovered_new",1
2020-07-26,"Sidi Bouzid","state","TN-43","iso_3166_2","recovered_new",1
2020-07-26,"Tataouine","state","TN-83","iso_3166_2","recovered_new",0
2020-07-26,"Tunis","state","TN-11","iso_3166_2","recovered_new",3
2020-07-27,"Ariana","state","TN-12","iso_3166_2","recovered_new",2
2020-07-27,"Beja","state","TN-31","iso_3166_2","recovered_new",0
2020-07-27,"Ben Arous","state","TN-13","iso_3166_2","recovered_new",1
2020-07-27,"Kasserine","state","TN-42","iso_3166_2","recovered_new",2
2020-07-27,"Kef","state","TN-33","iso_3166_2","recovered_new",1
2020-07-27,"Manouba","state","TN-14","iso_3166_2","recovered_new",0
2020-07-27,"Monastir","state","TN-52","iso_3166_2","recovered_new",1
2020-07-27,"Nabeul","state","TN-21","iso_3166_2","recovered_new",1
2020-07-27,"Sfax","state","TN-61","iso_3166_2","recovered_new",2
2020-07-27,"Sousse","state","TN-51","iso_3166_2","recovered_new",1
2020-07-27,"Tunis","state","TN-11","iso_3166_2","recovered_new",0
2020-07-28,"Ariana","state","TN-12","iso_3166_2","recovered_new",1
2020-07-28,"Ben Arous","state","TN-13","iso_3166_2","recovered_new",0
2020-07-28,"Bizerte","state","TN-23","iso_3166_2","recovered_new",0
2020-07-28,"Gabes","state","TN-81","iso_3166_2","recovered_new",1
2020-07-28,"Gafsa","state","TN-71","iso_3166_2","recovered_new",3
2020-07-28,"Jandouba","state",NA,"iso_3166_2","recovered_new",0
2020-07-28,"Kasserine","state","TN-42","iso_3166_2","recovered_new",2
2020-07-28,"Mednine","state","TN-82","iso_3166_2","recovered_new",1
2020-07-28,"Monastir","state","TN-52","iso_3166_2","recovered_new",0
2020-07-28,"Sfax","state","TN-61","iso_3166_2","recovered_new",0
2020-07-28,"Sousse","state","TN-51","iso_3166_2","recovered_new",1
2020-07-28,"Tunis","state","TN-11","iso_3166_2","recovered_new",0
2020-07-28,"Zaghouan","state","TN-22","iso_3166_2","recovered_new",1
2020-07-29,"Ariana","state","TN-12","iso_3166_2","recovered_new",0
2020-07-29,"Beja","state","TN-31","iso_3166_2","recovered_new",0
2020-07-29,"Ben Arous","state","TN-13","iso_3166_2","recovered_new",1
2020-07-29,"Bizerte","state","TN-23","iso_3166_2","recovered_new",0
2020-07-29,"Gabes","state","TN-81","iso_3166_2","recovered_new",0
2020-07-29,"Gafsa","state","TN-71","iso_3166_2","recovered_new",0
2020-07-29,"Jandouba","state",NA,"iso_3166_2","recovered_new",0
2020-07-29,"Kef","state","TN-33","iso_3166_2","recovered_new",1
2020-07-29,"Mahdia","state","TN-53","iso_3166_2","recovered_new",2
2020-07-29,"Manouba","state","TN-14","iso_3166_2","recovered_new",0
2020-07-29,"Nabeul","state","TN-21","iso_3166_2","recovered_new",1
2020-07-29,"Sfax","state","TN-61","iso_3166_2","recovered_new",1
2020-07-29,"Sousse","state","TN-51","iso_3166_2","recovered_new",2
2020-07-29,"Tunis","state","TN-11","iso_3166_2","recovered_new",0
2020-07-30,"Ariana","state","TN-12","iso_3166_2","recovered_new",0
2020-07-30,"Ben Arous","state","TN-13","iso_3166_2","recovered_new",0
2020-07-30,"Bizerte","state","TN-23","iso_3166_2","recovered_new",0
2020-07-30,"Gabes","state","TN-81","iso_3166_2","recovered_new",0
2020-07-30,"Jandouba","state",NA,"iso_3166_2","recovered_new",1
2020-07-30,"Kairouan","state","TN-41","iso_3166_2","recovered_new",0
2020-07-30,"Kasserine","state","TN-42","iso_3166_2","recovered_new",0
2020-07-30,"Manouba","state","TN-14","iso_3166_2","recovered_new",0
2020-07-30,"Mednine","state","TN-82","iso_3166_2","recovered_new",0
2020-07-30,"Monastir","state","TN-52","iso_3166_2","recovered_new",1
2020-07-30,"Nabeul","state","TN-21","iso_3166_2","recovered_new",1
2020-07-30,"Sfax","state","TN-61","iso_3166_2","recovered_new",2
2020-07-30,"Sidi Bouzid","state","TN-43","iso_3166_2","recovered_new",3
2020-07-30,"Sousse","state","TN-51","iso_3166_2","recovered_new",0
2020-07-30,"Tozeur","state","TN-72","iso_3166_2","recovered_new",0
2020-07-30,"Tunis","state","TN-11","iso_3166_2","recovered_new",1
2020-07-30,"Zaghouan","state","TN-22","iso_3166_2","recovered_new",0
2020-07-31,"Ariana","state","TN-12","iso_3166_2","recovered_new",1
2020-07-31,"Beja","state","TN-31","iso_3166_2","recovered_new",1
2020-07-31,"Ben Arous","state","TN-13","iso_3166_2","recovered_new",1
2020-07-31,"Gafsa","state","TN-71","iso_3166_2","recovered_new",1
2020-07-31,"Mahdia","state","TN-53","iso_3166_2","recovered_new",1
2020-07-31,"Manouba","state","TN-14","iso_3166_2","recovered_new",1
2020-07-31,"Mednine","state","TN-82","iso_3166_2","recovered_new",1
2020-07-31,"Monastir","state","TN-52","iso_3166_2","recovered_new",3
2020-07-31,"Nabeul","state","TN-21","iso_3166_2","recovered_new",2
2020-07-31,"Sfax","state","TN-61","iso_3166_2","recovered_new",4
2020-07-31,"Sidi Bouzid","state","TN-43","iso_3166_2","recovered_new",1
2020-07-31,"Sousse","state","TN-51","iso_3166_2","recovered_new",1
2020-07-31,"Tozeur","state","TN-72","iso_3166_2","recovered_new",1
2020-07-31,"Tunis","state","TN-11","iso_3166_2","recovered_new",3
2020-08-01,"Beja","state","TN-31","iso_3166_2","recovered_new",1
2020-08-01,"Ben Arous","state","TN-13","iso_3166_2","recovered_new",1
2020-08-01,"Kairouan","state","TN-41","iso_3166_2","recovered_new",0
2020-08-01,"Kasserine","state","TN-42","iso_3166_2","recovered_new",1
2020-08-01,"Mahdia","state","TN-53","iso_3166_2","recovered_new",0
2020-08-01,"Sfax","state","TN-61","iso_3166_2","recovered_new",0
2020-08-01,"Sidi Bouzid","state","TN-43","iso_3166_2","recovered_new",1
2020-08-01,"Sousse","state","TN-51","iso_3166_2","recovered_new",0
2020-08-02,"Jandouba","state",NA,"iso_3166_2","recovered_new",0
2020-08-02,"Kef","state","TN-33","iso_3166_2","recovered_new",2
2020-08-02,"Monastir","state","TN-52","iso_3166_2","recovered_new",1
2020-08-02,"Nabeul","state","TN-21","iso_3166_2","recovered_new",1
2020-08-02,"Sfax","state","TN-61","iso_3166_2","recovered_new",0
2020-08-02,"Tunis","state","TN-11","iso_3166_2","recovered_new",0
2020-08-03,"Ariana","state","TN-12","iso_3166_2","recovered_new",0
2020-08-03,"Beja","state","TN-31","iso_3166_2","recovered_new",0
2020-08-03,"Ben Arous","state","TN-13","iso_3166_2","recovered_new",0
2020-08-03,"Mednine","state","TN-82","iso_3166_2","recovered_new",0
2020-08-03,"Sfax","state","TN-61","iso_3166_2","recovered_new",1
2020-08-03,"Sousse","state","TN-51","iso_3166_2","recovered_new",0
2020-08-03,"Tataouine","state","TN-83","iso_3166_2","recovered_new",1
2020-08-03,"Tunis","state","TN-11","iso_3166_2","recovered_new",0
2020-08-04,"Ariana","state","TN-12","iso_3166_2","recovered_new",0
2020-08-04,"Ben Arous","state","TN-13","iso_3166_2","recovered_new",1
2020-08-04,"Gabes","state","TN-81","iso_3166_2","recovered_new",1
2020-08-04,"Kairouan","state","TN-41","iso_3166_2","recovered_new",1
2020-08-04,"Kasserine","state","TN-42","iso_3166_2","recovered_new",1
2020-08-04,"Kebili","state","TN-73","iso_3166_2","recovered_new",0
2020-08-04,"Kef","state","TN-33","iso_3166_2","recovered_new",0
2020-08-04,"Mahdia","state","TN-53","iso_3166_2","recovered_new",0
2020-08-04,"Mednine","state","TN-82","iso_3166_2","recovered_new",0
2020-08-04,"Monastir","state","TN-52","iso_3166_2","recovered_new",0
2020-08-04,"Nabeul","state","TN-21","iso_3166_2","recovered_new",0
2020-08-04,"Sfax","state","TN-61","iso_3166_2","recovered_new",2
2020-08-04,"Sousse","state","TN-51","iso_3166_2","recovered_new",0
2020-08-04,"Tunis","state","TN-11","iso_3166_2","recovered_new",0
2020-08-05,"Ariana","state","TN-12","iso_3166_2","recovered_new",0
2020-08-05,"Beja","state","TN-31","iso_3166_2","recovered_new",0
2020-08-05,"Ben Arous","state","TN-13","iso_3166_2","recovered_new",2
2020-08-05,"Bizerte","state","TN-23","iso_3166_2","recovered_new",0
2020-08-05,"Gabes","state","TN-81","iso_3166_2","recovered_new",0
2020-08-05,"Jandouba","state",NA,"iso_3166_2","recovered_new",0
2020-08-05,"Kairouan","state","TN-41","iso_3166_2","recovered_new",0
2020-08-05,"Kasserine","state","TN-42","iso_3166_2","recovered_new",0
2020-08-05,"Kebili","state","TN-73","iso_3166_2","recovered_new",1
2020-08-05,"Kef","state","TN-33","iso_3166_2","recovered_new",0
2020-08-05,"Mahdia","state","TN-53","iso_3166_2","recovered_new",0
2020-08-05,"Mednine","state","TN-82","iso_3166_2","recovered_new",0
2020-08-05,"Monastir","state","TN-52","iso_3166_2","recovered_new",2
2020-08-05,"Nabeul","state","TN-21","iso_3166_2","recovered_new",0
2020-08-05,"Sfax","state","TN-61","iso_3166_2","recovered_new",1
2020-08-05,"Sidi Bouzid","state","TN-43","iso_3166_2","recovered_new",0
2020-08-05,"Sousse","state","TN-51","iso_3166_2","recovered_new",0
2020-08-05,"Tataouine","state","TN-83","iso_3166_2","recovered_new",0
2020-08-05,"Tunis","state","TN-11","iso_3166_2","recovered_new",0
2020-08-05,"Zaghouan","state","TN-22","iso_3166_2","recovered_new",2
2020-08-06,"Ben Arous","state","TN-13","iso_3166_2","recovered_new",1
2020-08-06,"Gabes","state","TN-81","iso_3166_2","recovered_new",2
2020-08-06,"Gafsa","state","TN-71","iso_3166_2","recovered_new",0
2020-08-06,"Kairouan","state","TN-41","iso_3166_2","recovered_new",0
2020-08-06,"Kasserine","state","TN-42","iso_3166_2","recovered_new",1
2020-08-06,"Mahdia","state","TN-53","iso_3166_2","recovered_new",0
2020-08-06,"Mednine","state","TN-82","iso_3166_2","recovered_new",2
2020-08-06,"Sfax","state","TN-61","iso_3166_2","recovered_new",1
2020-08-06,"Sidi Bouzid","state","TN-43","iso_3166_2","recovered_new",1
2020-08-06,"Sousse","state","TN-51","iso_3166_2","recovered_new",0
2020-08-06,"Tataouine","state","TN-83","iso_3166_2","recovered_new",0
2020-08-06,"Tunis","state","TN-11","iso_3166_2","recovered_new",2
2020-08-07,"Ariana","state","TN-12","iso_3166_2","recovered_new",0
2020-08-07,"Bizerte","state","TN-23","iso_3166_2","recovered_new",1
2020-08-07,"Gabes","state","TN-81","iso_3166_2","recovered_new",0
2020-08-07,"Kef","state","TN-33","iso_3166_2","recovered_new",1
2020-08-07,"Mahdia","state","TN-53","iso_3166_2","recovered_new",4
2020-08-07,"Mednine","state","TN-82","iso_3166_2","recovered_new",0
2020-08-07,"Monastir","state","TN-52","iso_3166_2","recovered_new",1
2020-08-07,"Sfax","state","TN-61","iso_3166_2","recovered_new",0
2020-08-07,"Sousse","state","TN-51","iso_3166_2","recovered_new",1
2020-08-07,"Tunis","state","TN-11","iso_3166_2","recovered_new",0
2020-08-08,"Ariana","state","TN-12","iso_3166_2","recovered_new",2
2020-08-08,"Gabes","state","TN-81","iso_3166_2","recovered_new",0
2020-08-08,"Kairouan","state","TN-41","iso_3166_2","recovered_new",0
2020-08-08,"Kef","state","TN-33","iso_3166_2","recovered_new",0
2020-08-08,"Mednine","state","TN-82","iso_3166_2","recovered_new",1
2020-08-08,"Nabeul","state","TN-21","iso_3166_2","recovered_new",1
2020-08-08,"Sousse","state","TN-51","iso_3166_2","recovered_new",0
2020-08-08,"Tunis","state","TN-11","iso_3166_2","recovered_new",0
2020-08-09,"Gabes","state","TN-81","iso_3166_2","recovered_new",0
2020-08-09,"Gafsa","state","TN-71","iso_3166_2","recovered_new",1
2020-08-09,"Kairouan","state","TN-41","iso_3166_2","recovered_new",0
2020-08-09,"Sousse","state","TN-51","iso_3166_2","recovered_new",0
2020-08-09,"Tunis","state","TN-11","iso_3166_2","recovered_new",1
2020-08-10,"Ariana","state","TN-12","iso_3166_2","recovered_new",0
2020-08-10,"Ben Arous","state","TN-13","iso_3166_2","recovered_new",1
2020-08-10,"Gabes","state","TN-81","iso_3166_2","recovered_new",0
2020-08-10,"Kairouan","state","TN-41","iso_3166_2","recovered_new",0
2020-08-10,"Kef","state","TN-33","iso_3166_2","recovered_new",1
2020-08-10,"Mednine","state","TN-82","iso_3166_2","recovered_new",0
2020-08-10,"Monastir","state","TN-52","iso_3166_2","recovered_new",1
2020-08-10,"Nabeul","state","TN-21","iso_3166_2","recovered_new",2
2020-08-10,"Sfax","state","TN-61","iso_3166_2","recovered_new",0
2020-08-10,"Sousse","state","TN-51","iso_3166_2","recovered_new",0
2020-08-10,"Tunis","state","TN-11","iso_3166_2","recovered_new",1
2020-08-10,"Zaghouan","state","TN-22","iso_3166_2","recovered_new",1
2020-08-11,"Ariana","state","TN-12","iso_3166_2","recovered_new",0
2020-08-11,"Ben Arous","state","TN-13","iso_3166_2","recovered_new",2
2020-08-11,"Gabes","state","TN-81","iso_3166_2","recovered_new",0
2020-08-11,"Jandouba","state",NA,"iso_3166_2","recovered_new",1
2020-08-11,"Kairouan","state","TN-41","iso_3166_2","recovered_new",0
2020-08-11,"Mednine","state","TN-82","iso_3166_2","recovered_new",0
2020-08-11,"Monastir","state","TN-52","iso_3166_2","recovered_new",0
2020-08-11,"Nabeul","state","TN-21","iso_3166_2","recovered_new",0
2020-08-11,"Sousse","state","TN-51","iso_3166_2","recovered_new",1
2020-08-11,"Tataouine","state","TN-83","iso_3166_2","recovered_new",1
2020-08-11,"Tunis","state","TN-11","iso_3166_2","recovered_new",1
2020-08-12,"Ariana","state","TN-12","iso_3166_2","recovered_new",0
2020-08-12,"Ben Arous","state","TN-13","iso_3166_2","recovered_new",1
2020-08-12,"Gabes","state","TN-81","iso_3166_2","recovered_new",1
2020-08-12,"Jandouba","state",NA,"iso_3166_2","recovered_new",1
2020-08-12,"Kairouan","state","TN-41","iso_3166_2","recovered_new",0
2020-08-12,"Kef","state","TN-33","iso_3166_2","recovered_new",5
2020-08-12,"Mahdia","state","TN-53","iso_3166_2","recovered_new",3
2020-08-12,"Mednine","state","TN-82","iso_3166_2","recovered_new",3
2020-08-12,"Nabeul","state","TN-21","iso_3166_2","recovered_new",2
2020-08-12,"Sfax","state","TN-61","iso_3166_2","recovered_new",2
2020-08-12,"Sousse","state","TN-51","iso_3166_2","recovered_new",1
2020-08-12,"Tataouine","state","TN-83","iso_3166_2","recovered_new",1
2020-08-12,"Tozeur","state","TN-72","iso_3166_2","recovered_new",2
2020-08-12,"Tunis","state","TN-11","iso_3166_2","recovered_new",2
2020-08-13,"Ariana","state","TN-12","iso_3166_2","recovered_new",2
2020-08-13,"Ben Arous","state","TN-13","iso_3166_2","recovered_new",2
2020-08-13,"Gabes","state","TN-81","iso_3166_2","recovered_new",0
2020-08-13,"Jandouba","state",NA,"iso_3166_2","recovered_new",1
2020-08-13,"Kairouan","state","TN-41","iso_3166_2","recovered_new",0
2020-08-13,"Kasserine","state","TN-42","iso_3166_2","recovered_new",0
2020-08-13,"Manouba","state","TN-14","iso_3166_2","recovered_new",4
2020-08-13,"Mednine","state","TN-82","iso_3166_2","recovered_new",2
2020-08-13,"Monastir","state","TN-52","iso_3166_2","recovered_new",1
2020-08-13,"Nabeul","state","TN-21","iso_3166_2","recovered_new",0
2020-08-13,"Sfax","state","TN-61","iso_3166_2","recovered_new",0
2020-08-13,"Sousse","state","TN-51","iso_3166_2","recovered_new",1
2020-08-13,"Tunis","state","TN-11","iso_3166_2","recovered_new",5
2020-08-14,"Ariana","state","TN-12","iso_3166_2","recovered_new",1
2020-08-14,"Beja","state","TN-31","iso_3166_2","recovered_new",0
2020-08-14,"Ben Arous","state","TN-13","iso_3166_2","recovered_new",1
2020-08-14,"Gabes","state","TN-81","iso_3166_2","recovered_new",0
2020-08-14,"Kairouan","state","TN-41","iso_3166_2","recovered_new",2
2020-08-14,"Mednine","state","TN-82","iso_3166_2","recovered_new",1
2020-08-14,"Monastir","state","TN-52","iso_3166_2","recovered_new",0
2020-08-14,"Sfax","state","TN-61","iso_3166_2","recovered_new",1
2020-08-14,"Sousse","state","TN-51","iso_3166_2","recovered_new",1
2020-08-14,"Tataouine","state","TN-83","iso_3166_2","recovered_new",0
2020-08-14,"Tunis","state","TN-11","iso_3166_2","recovered_new",2
2020-08-15,"Ariana","state","TN-12","iso_3166_2","recovered_new",1
2020-08-15,"Ben Arous","state","TN-13","iso_3166_2","recovered_new",3
2020-08-15,"Gabes","state","TN-81","iso_3166_2","recovered_new",1
2020-08-15,"Jandouba","state",NA,"iso_3166_2","recovered_new",1
2020-08-15,"Kairouan","state","TN-41","iso_3166_2","recovered_new",0
2020-08-15,"Kasserine","state","TN-42","iso_3166_2","recovered_new",4
2020-08-15,"Kef","state","TN-33","iso_3166_2","recovered_new",0
2020-08-15,"Mahdia","state","TN-53","iso_3166_2","recovered_new",1
2020-08-15,"Mednine","state","TN-82","iso_3166_2","recovered_new",6
2020-08-15,"Sfax","state","TN-61","iso_3166_2","recovered_new",1
2020-08-15,"Siliana","state","TN-34","iso_3166_2","recovered_new",2
2020-08-15,"Sousse","state","TN-51","iso_3166_2","recovered_new",5
2020-08-15,"Tataouine","state","TN-83","iso_3166_2","recovered_new",0
2020-08-15,"Tunis","state","TN-11","iso_3166_2","recovered_new",4
2020-08-16,"Ben Arous","state","TN-13","iso_3166_2","recovered_new",0
2020-08-16,"Gabes","state","TN-81","iso_3166_2","recovered_new",1
2020-08-16,"Jandouba","state",NA,"iso_3166_2","recovered_new",0
2020-08-16,"Kairouan","state","TN-41","iso_3166_2","recovered_new",0
2020-08-16,"Kasserine","state","TN-42","iso_3166_2","recovered_new",1
2020-08-16,"Kebili","state","TN-73","iso_3166_2","recovered_new",1
2020-08-16,"Mednine","state","TN-82","iso_3166_2","recovered_new",0
2020-08-16,"Monastir","state","TN-52","iso_3166_2","recovered_new",0
2020-08-16,"Sousse","state","TN-51","iso_3166_2","recovered_new",1
2020-08-16,"Tataouine","state","TN-83","iso_3166_2","recovered_new",0
2020-08-16,"Tunis","state","TN-11","iso_3166_2","recovered_new",0
2020-08-17,"Ariana","state","TN-12","iso_3166_2","recovered_new",3
2020-08-17,"Beja","state","TN-31","iso_3166_2","recovered_new",1
2020-08-17,"Ben Arous","state","TN-13","iso_3166_2","recovered_new",1
2020-08-17,"Gabes","state","TN-81","iso_3166_2","recovered_new",0
2020-08-17,"Kairouan","state","TN-41","iso_3166_2","recovered_new",0
2020-08-17,"Kef","state","TN-33","iso_3166_2","recovered_new",0
2020-08-17,"Mednine","state","TN-82","iso_3166_2","recovered_new",1
2020-08-17,"Nabeul","state","TN-21","iso_3166_2","recovered_new",1
2020-08-17,"Sfax","state","TN-61","iso_3166_2","recovered_new",1
2020-08-17,"Sousse","state","TN-51","iso_3166_2","recovered_new",0
2020-08-17,"Tataouine","state","TN-83","iso_3166_2","recovered_new",0
2020-08-17,"Tunis","state","TN-11","iso_3166_2","recovered_new",0
2020-08-18,"Ariana","state","TN-12","iso_3166_2","recovered_new",2
2020-08-18,"Beja","state","TN-31","iso_3166_2","recovered_new",1
2020-08-18,"Ben Arous","state","TN-13","iso_3166_2","recovered_new",1
2020-08-18,"Bizerte","state","TN-23","iso_3166_2","recovered_new",1
2020-08-18,"Gabes","state","TN-81","iso_3166_2","recovered_new",0
2020-08-18,"Jandouba","state",NA,"iso_3166_2","recovered_new",1
2020-08-18,"Kairouan","state","TN-41","iso_3166_2","recovered_new",1
2020-08-18,"Kef","state","TN-33","iso_3166_2","recovered_new",2
2020-08-18,"Mahdia","state","TN-53","iso_3166_2","recovered_new",2
2020-08-18,"Mednine","state","TN-82","iso_3166_2","recovered_new",2
2020-08-18,"Sfax","state","TN-61","iso_3166_2","recovered_new",6
2020-08-18,"Sidi Bouzid","state","TN-43","iso_3166_2","recovered_new",1
2020-08-18,"Sousse","state","TN-51","iso_3166_2","recovered_new",1
2020-08-18,"Tataouine","state","TN-83","iso_3166_2","recovered_new",3
2020-08-18,"Tozeur","state","TN-72","iso_3166_2","recovered_new",1
2020-08-18,"Tunis","state","TN-11","iso_3166_2","recovered_new",0
2020-08-18,"Zaghouan","state","TN-22","iso_3166_2","recovered_new",0
2020-08-19,"Ben Arous","state","TN-13","iso_3166_2","recovered_new",0
2020-08-19,"Bizerte","state","TN-23","iso_3166_2","recovered_new",0
2020-08-19,"Gabes","state","TN-81","iso_3166_2","recovered_new",0
2020-08-19,"Kairouan","state","TN-41","iso_3166_2","recovered_new",0
2020-08-19,"Kef","state","TN-33","iso_3166_2","recovered_new",0
2020-08-19,"Mahdia","state","TN-53","iso_3166_2","recovered_new",0
2020-08-19,"Mednine","state","TN-82","iso_3166_2","recovered_new",0
2020-08-19,"Monastir","state","TN-52","iso_3166_2","recovered_new",1
2020-08-19,"Nabeul","state","TN-21","iso_3166_2","recovered_new",1
2020-08-19,"Sidi Bouzid","state","TN-43","iso_3166_2","recovered_new",0
2020-08-19,"Sousse","state","TN-51","iso_3166_2","recovered_new",0
2020-08-19,"Tataouine","state","TN-83","iso_3166_2","recovered_new",0
2020-08-19,"Tozeur","state","TN-72","iso_3166_2","recovered_new",0
2020-08-19,"Tunis","state","TN-11","iso_3166_2","recovered_new",0
2020-08-20,"Ariana","state","TN-12","iso_3166_2","recovered_new",1
2020-08-20,"Ben Arous","state","TN-13","iso_3166_2","recovered_new",0
2020-08-20,"Bizerte","state","TN-23","iso_3166_2","recovered_new",1
2020-08-20,"Gabes","state","TN-81","iso_3166_2","recovered_new",1
2020-08-20,"Gafsa","state","TN-71","iso_3166_2","recovered_new",1
2020-08-20,"Kairouan","state","TN-41","iso_3166_2","recovered_new",2
2020-08-20,"Kasserine","state","TN-42","iso_3166_2","recovered_new",3
2020-08-20,"Kebili","state","TN-73","iso_3166_2","recovered_new",2
2020-08-20,"Kef","state","TN-33","iso_3166_2","recovered_new",0
2020-08-20,"Mahdia","state","TN-53","iso_3166_2","recovered_new",2
2020-08-20,"Manouba","state","TN-14","iso_3166_2","recovered_new",0
2020-08-20,"Mednine","state","TN-82","iso_3166_2","recovered_new",4
2020-08-20,"Monastir","state","TN-52","iso_3166_2","recovered_new",1
2020-08-20,"Nabeul","state","TN-21","iso_3166_2","recovered_new",1
2020-08-20,"Sfax","state","TN-61","iso_3166_2","recovered_new",1
2020-08-20,"Sousse","state","TN-51","iso_3166_2","recovered_new",2
2020-08-20,"Tataouine","state","TN-83","iso_3166_2","recovered_new",0
2020-08-20,"Tunis","state","TN-11","iso_3166_2","recovered_new",1
2020-08-21,"Ariana","state","TN-12","iso_3166_2","recovered_new",2
2020-08-21,"Ben Arous","state","TN-13","iso_3166_2","recovered_new",3
2020-08-21,"Bizerte","state","TN-23","iso_3166_2","recovered_new",0
2020-08-21,"Gabes","state","TN-81","iso_3166_2","recovered_new",0
2020-08-21,"Jandouba","state",NA,"iso_3166_2","recovered_new",1
2020-08-21,"Kairouan","state","TN-41","iso_3166_2","recovered_new",1
2020-08-21,"Kasserine","state","TN-42","iso_3166_2","recovered_new",0
2020-08-21,"Kef","state","TN-33","iso_3166_2","recovered_new",0
2020-08-21,"Mednine","state","TN-82","iso_3166_2","recovered_new",1
2020-08-21,"Monastir","state","TN-52","iso_3166_2","recovered_new",0
2020-08-21,"Nabeul","state","TN-21","iso_3166_2","recovered_new",2
2020-08-21,"Sfax","state","TN-61","iso_3166_2","recovered_new",1
2020-08-21,"Sousse","state","TN-51","iso_3166_2","recovered_new",2
2020-08-21,"Tataouine","state","TN-83","iso_3166_2","recovered_new",0
2020-08-21,"Tunis","state","TN-11","iso_3166_2","recovered_new",1
2020-08-22,"Ariana","state","TN-12","iso_3166_2","recovered_new",0
2020-08-22,"Beja","state","TN-31","iso_3166_2","recovered_new",0
2020-08-22,"Ben Arous","state","TN-13","iso_3166_2","recovered_new",0
2020-08-22,"Gabes","state","TN-81","iso_3166_2","recovered_new",4
2020-08-22,"Gafsa","state","TN-71","iso_3166_2","recovered_new",0
2020-08-22,"Jandouba","state",NA,"iso_3166_2","recovered_new",0
2020-08-22,"Kairouan","state","TN-41","iso_3166_2","recovered_new",2
2020-08-22,"Kebili","state","TN-73","iso_3166_2","recovered_new",0
2020-08-22,"Mahdia","state","TN-53","iso_3166_2","recovered_new",0
2020-08-22,"Mednine","state","TN-82","iso_3166_2","recovered_new",0
2020-08-22,"Monastir","state","TN-52","iso_3166_2","recovered_new",0
2020-08-22,"Nabeul","state","TN-21","iso_3166_2","recovered_new",1
2020-08-22,"Sfax","state","TN-61","iso_3166_2","recovered_new",1
2020-08-22,"Sousse","state","TN-51","iso_3166_2","recovered_new",0
2020-08-22,"Tunis","state","TN-11","iso_3166_2","recovered_new",1
2020-08-23,"Gabes","state","TN-81","iso_3166_2","recovered_new",2
2020-08-23,"Kairouan","state","TN-41","iso_3166_2","recovered_new",2
2020-08-23,"Kebili","state","TN-73","iso_3166_2","recovered_new",0
2020-08-23,"Mahdia","state","TN-53","iso_3166_2","recovered_new",0
2020-08-23,"Manouba","state","TN-14","iso_3166_2","recovered_new",0
2020-08-23,"Mednine","state","TN-82","iso_3166_2","recovered_new",2
2020-08-23,"Monastir","state","TN-52","iso_3166_2","recovered_new",0
2020-08-23,"Sfax","state","TN-61","iso_3166_2","recovered_new",0
2020-08-23,"Sidi Bouzid","state","TN-43","iso_3166_2","recovered_new",0
2020-08-23,"Siliana","state","TN-34","iso_3166_2","recovered_new",0
2020-08-23,"Sousse","state","TN-51","iso_3166_2","recovered_new",3
2020-08-23,"Tataouine","state","TN-83","iso_3166_2","recovered_new",1
2020-08-23,"Tozeur","state","TN-72","iso_3166_2","recovered_new",1
2020-08-23,"Tunis","state","TN-11","iso_3166_2","recovered_new",0
2020-08-24,"Ariana","state","TN-12","iso_3166_2","recovered_new",0
2020-08-24,"Ben Arous","state","TN-13","iso_3166_2","recovered_new",0
2020-08-24,"Gabes","state","TN-81","iso_3166_2","recovered_new",0
2020-08-24,"Jandouba","state",NA,"iso_3166_2","recovered_new",0
2020-08-24,"Kairouan","state","TN-41","iso_3166_2","recovered_new",0
2020-08-24,"Kasserine","state","TN-42","iso_3166_2","recovered_new",0
2020-08-24,"Kef","state","TN-33","iso_3166_2","recovered_new",0
2020-08-24,"Mahdia","state","TN-53","iso_3166_2","recovered_new",0
2020-08-24,"Mednine","state","TN-82","iso_3166_2","recovered_new",0
2020-08-24,"Monastir","state","TN-52","iso_3166_2","recovered_new",0
2020-08-24,"Nabeul","state","TN-21","iso_3166_2","recovered_new",0
2020-08-24,"Sfax","state","TN-61","iso_3166_2","recovered_new",0
2020-08-24,"Sousse","state","TN-51","iso_3166_2","recovered_new",0
2020-08-24,"Tunis","state","TN-11","iso_3166_2","recovered_new",1
2020-08-25,"Nabeul","state","TN-21","iso_3166_2","recovered_new",1
